cbsa_code,cbsa_title,metro_micro,population
10100,"Aberdeen, SD",Micropolitan Statistical Area,42668
10140,"Aberdeen, WA",Micropolitan Statistical Area,75061
10180,"Abilene, TX",Metropolitan Statistical Area,172060
10220,"Ada, OK",Micropolitan Statistical Area,38284
10300,"Adrian, MI",Micropolitan Statistical Area,98451
10380,"Aguadilla-Isabela, PR",Metropolitan Statistical Area,289289
10420,"Akron, OH",Metropolitan Statistical Area,703479
10460,"Alamogordo, NM",Micropolitan Statistical Area,67490
10500,"Albany, GA",Metropolitan Statistical Area,146726
10540,"Albany-Lebanon, OR",Metropolitan Statistical Area,129749
10580,"Albany-Schenectady-Troy, NY",Metropolitan Statistical Area,880381
10620,"Albemarle, NC",Micropolitan Statistical Area,62806
10660,"Albert Lea, MN",Micropolitan Statistical Area,30281
10700,"Albertville, AL",Micropolitan Statistical Area,96774
10740,"Albuquerque, NM",Metropolitan Statistical Area,918018
10760,"Alexander City, AL",Micropolitan Statistical Area,51030
10780,"Alexandria, LA",Metropolitan Statistical Area,152037
10820,"Alexandria, MN",Micropolitan Statistical Area,38141
10860,"Alice, TX",Micropolitan Statistical Area,51639
10900,"Allentown-Bethlehem-Easton, PA-NJ",Metropolitan Statistical Area,844052
10940,"Alma, MI",Micropolitan Statistical Area,40711
10980,"Alpena, MI",Micropolitan Statistical Area,28405
11020,"Altoona, PA",Metropolitan Statistical Area,121829
11060,"Altus, OK",Micropolitan Statistical Area,24530
11100,"Amarillo, TX",Metropolitan Statistical Area,265053
11140,"Americus, GA",Micropolitan Statistical Area,34781
11180,"Ames, IA",Metropolitan Statistical Area,123351
11220,"Amsterdam, NY",Micropolitan Statistical Area,49221
11260,"Anchorage, AK",Metropolitan Statistical Area,396317
11380,"Andrews, TX",Micropolitan Statistical Area,18705
11420,"Angola, IN",Micropolitan Statistical Area,34594
11460,"Ann Arbor, MI",Metropolitan Statistical Area,367601
11500,"Anniston-Oxford, AL",Metropolitan Statistical Area,113605
11540,"Appleton, WI",Metropolitan Statistical Area,237974
11580,"Arcadia, FL",Micropolitan Statistical Area,38001
11620,"Ardmore, OK",Micropolitan Statistical Area,58364
11640,"Arecibo, PR",Metropolitan Statistical Area,174606
11660,"Arkadelphia, AR",Micropolitan Statistical Area,22320
11700,"Asheville, NC",Metropolitan Statistical Area,462680
11740,"Ashland, OH",Micropolitan Statistical Area,53484
11780,"Ashtabula, OH",Micropolitan Statistical Area,97241
11820,"Astoria, OR",Micropolitan Statistical Area,40224
11860,"Atchison, KS",Micropolitan Statistical Area,16073
11900,"Athens, OH",Micropolitan Statistical Area,65327
11940,"Athens, TN",Micropolitan Statistical Area,53794
11980,"Athens, TX",Micropolitan Statistical Area,82737
12020,"Athens-Clarke County, GA",Metropolitan Statistical Area,213750
12060,"Atlanta-Sandy Springs-Alpharetta, GA",Metropolitan Statistical Area,6020364
12100,"Atlantic City-Hammonton, NJ",Metropolitan Statistical Area,263670
12120,"Atmore, AL",Micropolitan Statistical Area,36633
12140,"Auburn, IN",Micropolitan Statistical Area,43475
12180,"Auburn, NY",Micropolitan Statistical Area,76576
12220,"Auburn-Opelika, AL",Metropolitan Statistical Area,164542
12260,"Augusta-Richmond County, GA-SC",Metropolitan Statistical Area,608980
12300,"Augusta-Waterville, ME",Micropolitan Statistical Area,122302
12380,"Austin, MN",Micropolitan Statistical Area,40062
12420,"Austin-Round Rock-Georgetown, TX",Metropolitan Statistical Area,2227083
12460,"Bainbridge, GA",Micropolitan Statistical Area,26404
12540,"Bakersfield, CA",Metropolitan Statistical Area,900202
12580,"Baltimore-Columbia-Towson, MD",Metropolitan Statistical Area,2800053
12620,"Bangor, ME",Metropolitan Statistical Area,152148
12660,"Baraboo, WI",Micropolitan Statistical Area,64442
12680,"Bardstown, KY",Micropolitan Statistical Area,46233
12700,"Barnstable Town, MA",Metropolitan Statistical Area,212990
12740,"Barre, VT",Micropolitan Statistical Area,58409
12780,"Bartlesville, OK",Micropolitan Statistical Area,51527
12860,"Batavia, NY",Micropolitan Statistical Area,57280
12900,"Batesville, AR",Micropolitan Statistical Area,55267
12940,"Baton Rouge, LA",Metropolitan Statistical Area,854884
12980,"Battle Creek, MI",Metropolitan Statistical Area,134159
13020,"Bay City, MI",Metropolitan Statistical Area,103126
13060,"Bay City, TX",Micropolitan Statistical Area,36643
13100,"Beatrice, NE",Micropolitan Statistical Area,21513
13140,"Beaumont-Port Arthur, TX",Metropolitan Statistical Area,392563
13180,"Beaver Dam, WI",Micropolitan Statistical Area,87839
13220,"Beckley, WV",Metropolitan Statistical Area,115767
13260,"Bedford, IN",Micropolitan Statistical Area,45370
13300,"Beeville, TX",Micropolitan Statistical Area,32565
13340,"Bellefontaine, OH",Micropolitan Statistical Area,45672
13380,"Bellingham, WA",Metropolitan Statistical Area,229247
13420,"Bemidji, MN",Micropolitan Statistical Area,47188
13460,"Bend, OR",Metropolitan Statistical Area,197692
13500,"Bennettsville, SC",Micropolitan Statistical Area,26118
13540,"Bennington, VT",Micropolitan Statistical Area,35470
13620,"Berlin, NH",Micropolitan Statistical Area,31563
13660,"Big Rapids, MI",Micropolitan Statistical Area,43453
13700,"Big Spring, TX",Micropolitan Statistical Area,36664
13720,"Big Stone Gap, VA",Micropolitan Statistical Area,41364
13740,"Billings, MT",Metropolitan Statistical Area,181667
13780,"Binghamton, NY",Metropolitan Statistical Area,238691
13820,"Birmingham-Hoover, AL",Metropolitan Statistical Area,1090435
13900,"Bismarck, ND",Metropolitan Statistical Area,128949
13940,"Blackfoot, ID",Micropolitan Statistical Area,46811
13980,"Blacksburg-Christiansburg, VA",Metropolitan Statistical Area,167531
14010,"Bloomington, IL",Metropolitan Statistical Area,171517
14020,"Bloomington, IN",Metropolitan Statistical Area,169230
14100,"Bloomsburg-Berwick, PA",Metropolitan Statistical Area,83194
14140,"Bluefield, WV-VA",Micropolitan Statistical Area,105633
14180,"Blytheville, AR",Micropolitan Statistical Area,40651
14220,"Bogalusa, LA",Micropolitan Statistical Area,46194
14260,"Boise City, ID",Metropolitan Statistical Area,749202
14300,"Bonham, TX",Micropolitan Statistical Area,35514
14380,"Boone, NC",Micropolitan Statistical Area,56177
14420,"Borger, TX",Micropolitan Statistical Area,20938
14460,"Boston-Cambridge-Newton, MA-NH",Metropolitan Statistical Area,4873019
14500,"Boulder, CO",Metropolitan Statistical Area,326196
14540,"Bowling Green, KY",Metropolitan Statistical Area,179240
14580,"Bozeman, MT",Micropolitan Statistical Area,114434
14620,"Bradford, PA",Micropolitan Statistical Area,40625
14660,"Brainerd, MN",Micropolitan Statistical Area,94834
14700,"Branson, MO",Micropolitan Statistical Area,55928
14720,"Breckenridge, CO",Micropolitan Statistical Area,31011
14740,"Bremerton-Silverdale-Port Orchard, WA",Metropolitan Statistical Area,271473
14780,"Brenham, TX",Micropolitan Statistical Area,35882
14820,"Brevard, NC",Micropolitan Statistical Area,34385
14860,"Bridgeport-Stamford-Norwalk, CT",Metropolitan Statistical Area,943332
15020,"Brookhaven, MS",Micropolitan Statistical Area,34153
15060,"Brookings, OR",Micropolitan Statistical Area,22925
15100,"Brookings, SD",Micropolitan Statistical Area,35077
15140,"Brownsville, TN",Micropolitan Statistical Area,17304
15180,"Brownsville-Harlingen, TX",Metropolitan Statistical Area,423163
15220,"Brownwood, TX",Micropolitan Statistical Area,37864
15260,"Brunswick, GA",Metropolitan Statistical Area,118779
15340,"Bucyrus-Galion, OH",Micropolitan Statistical Area,41494
15380,"Buffalo-Cheektowaga, NY",Metropolitan Statistical Area,1127983
15420,"Burley, ID",Micropolitan Statistical Area,45069
15460,"Burlington, IA-IL",Micropolitan Statistical Area,45613
15500,"Burlington, NC",Metropolitan Statistical Area,169509
15540,"Burlington-South Burlington, VT",Metropolitan Statistical Area,220411
15580,"Butte-Silver Bow, MT",Micropolitan Statistical Area,34915
15620,"Cadillac, MI",Micropolitan Statistical Area,48749
15660,"Calhoun, GA",Micropolitan Statistical Area,57963
15680,"California-Lexington Park, MD",Metropolitan Statistical Area,113510
15700,"Cambridge, MD",Micropolitan Statistical Area,31929
15740,"Cambridge, OH",Micropolitan Statistical Area,38875
15780,"Camden, AR",Micropolitan Statistical Area,28571
15820,"Campbellsville, KY",Micropolitan Statistical Area,36710
15860,"Cañon City, CO",Micropolitan Statistical Area,47839
15940,"Canton-Massillon, OH",Metropolitan Statistical Area,397520
15980,"Cape Coral-Fort Myers, FL",Metropolitan Statistical Area,770577
16020,"Cape Girardeau, MO-IL",Metropolitan Statistical Area,96765
16060,"Carbondale-Marion, IL",Metropolitan Statistical Area,135764
16100,"Carlsbad-Artesia, NM",Micropolitan Statistical Area,58460
16140,"Carroll, IA",Micropolitan Statistical Area,20165
16180,"Carson City, NV",Metropolitan Statistical Area,55916
16220,"Casper, WY",Metropolitan Statistical Area,79858
16260,"Cedar City, UT",Micropolitan Statistical Area,54839
16300,"Cedar Rapids, IA",Metropolitan Statistical Area,273032
16340,"Cedartown, GA",Micropolitan Statistical Area,42613
16380,"Celina, OH",Micropolitan Statistical Area,41172
16420,"Central City, KY",Micropolitan Statistical Area,30622
16460,"Centralia, IL",Micropolitan Statistical Area,37205
16500,"Centralia, WA",Micropolitan Statistical Area,80707
16540,"Chambersburg-Waynesboro, PA",Metropolitan Statistical Area,155027
16580,"Champaign-Urbana, IL",Metropolitan Statistical Area,226033
16620,"Charleston, WV",Metropolitan Statistical Area,257074
16660,"Charleston-Mattoon, IL",Micropolitan Statistical Area,61387
16700,"Charleston-North Charleston, SC",Metropolitan Statistical Area,802122
16740,"Charlotte-Concord-Gastonia, NC-SC",Metropolitan Statistical Area,2636883
16820,"Charlottesville, VA",Metropolitan Statistical Area,218615
16860,"Chattanooga, TN-GA",Metropolitan Statistical Area,565194
16940,"Cheyenne, WY",Metropolitan Statistical Area,99500
16980,"Chicago-Naperville-Elgin, IL-IN-WI",Metropolitan Statistical Area,9458539
17020,"Chico, CA",Metropolitan Statistical Area,219186
17060,"Chillicothe, OH",Micropolitan Statistical Area,76666
17140,"Cincinnati, OH-KY-IN",Metropolitan Statistical Area,2221208
17220,"Clarksburg, WV",Micropolitan Statistical Area,92399
17260,"Clarksdale, MS",Micropolitan Statistical Area,22124
17300,"Clarksville, TN-KY",Metropolitan Statistical Area,307820
17340,"Clearlake, CA",Micropolitan Statistical Area,64386
17380,"Cleveland, MS",Micropolitan Statistical Area,30628
17420,"Cleveland, TN",Metropolitan Statistical Area,124942
17460,"Cleveland-Elyria, OH",Metropolitan Statistical Area,2048449
17500,"Clewiston, FL",Micropolitan Statistical Area,42022
17540,"Clinton, IA",Micropolitan Statistical Area,46429
17580,"Clovis, NM",Micropolitan Statistical Area,48954
17620,"Coamo, PR",Micropolitan Statistical Area,38336
17640,"Coco, PR",Micropolitan Statistical Area,27128
17660,"Coeur d'Alene, ID",Metropolitan Statistical Area,165697
17700,"Coffeyville, KS",Micropolitan Statistical Area,31829
17740,"Coldwater, MI",Micropolitan Statistical Area,43517
17780,"College Station-Bryan, TX",Metropolitan Statistical Area,264728
17820,"Colorado Springs, CO",Metropolitan Statistical Area,745791
17860,"Columbia, MO",Metropolitan Statistical Area,208173
17900,"Columbia, SC",Metropolitan Statistical Area,838433
17980,"Columbus, GA-AL",Metropolitan Statistical Area,321048
18020,"Columbus, IN",Metropolitan Statistical Area,83779
18060,"Columbus, MS",Micropolitan Statistical Area,58595
18100,"Columbus, NE",Micropolitan Statistical Area,33470
18140,"Columbus, OH",Metropolitan Statistical Area,2122271
18180,"Concord, NH",Micropolitan Statistical Area,151391
18220,"Connersville, IN",Micropolitan Statistical Area,23102
18260,"Cookeville, TN",Micropolitan Statistical Area,114272
18300,"Coos Bay, OR",Micropolitan Statistical Area,64487
18380,"Cordele, GA",Micropolitan Statistical Area,22372
18420,"Corinth, MS",Micropolitan Statistical Area,36953
18460,"Cornelia, GA",Micropolitan Statistical Area,45328
18500,"Corning, NY",Micropolitan Statistical Area,95379
18580,"Corpus Christi, TX",Metropolitan Statistical Area,429024
18620,"Corsicana, TX",Micropolitan Statistical Area,50113
18660,"Cortland, NY",Micropolitan Statistical Area,47581
18700,"Corvallis, OR",Metropolitan Statistical Area,93053
18740,"Coshocton, OH",Micropolitan Statistical Area,36600
18780,"Craig, CO",Micropolitan Statistical Area,13283
18820,"Crawfordsville, IN",Micropolitan Statistical Area,38338
18860,"Crescent City, CA",Micropolitan Statistical Area,27812
18880,"Crestview-Fort Walton Beach-Destin, FL",Metropolitan Statistical Area,284809
18900,"Crossville, TN",Micropolitan Statistical Area,60520
18980,"Cullman, AL",Micropolitan Statistical Area,83768
19000,"Cullowhee, NC",Micropolitan Statistical Area,58209
19060,"Cumberland, MD-WV",Metropolitan Statistical Area,97284
19100,"Dallas-Fort Worth-Arlington, TX",Metropolitan Statistical Area,7573136
19140,"Dalton, GA",Metropolitan Statistical Area,144724
19180,"Danville, IL",Metropolitan Statistical Area,75758
19220,"Danville, KY",Micropolitan Statistical Area,54609
19260,"Danville, VA",Micropolitan Statistical Area,100398
19300,"Daphne-Fairhope-Foley, AL",Metropolitan Statistical Area,223234
19340,"Davenport-Moline-Rock Island, IA-IL",Metropolitan Statistical Area,379172
19420,"Dayton, TN",Micropolitan Statistical Area,33167
19430,"Dayton-Kettering, OH",Metropolitan Statistical Area,807611
19460,"Decatur, AL",Metropolitan Statistical Area,152603
19500,"Decatur, IL",Metropolitan Statistical Area,104009
19540,"Decatur, IN",Micropolitan Statistical Area,35777
19580,"Defiance, OH",Micropolitan Statistical Area,38087
19620,"Del Rio, TX",Micropolitan Statistical Area,49025
19660,"Deltona-Daytona Beach-Ormond Beach, FL",Metropolitan Statistical Area,668365
19700,"Deming, NM",Micropolitan Statistical Area,23709
19740,"Denver-Aurora-Lakewood, CO",Metropolitan Statistical Area,2967239
19760,"DeRidder, LA",Micropolitan Statistical Area,37497
19780,"Des Moines-West Des Moines, IA",Metropolitan Statistical Area,699292
19820,"Detroit-Warren-Dearborn, MI",Metropolitan Statistical Area,4319629
19860,"Dickinson, ND",Micropolitan Statistical Area,32417
19940,"Dixon, IL",Micropolitan Statistical Area,34096
19980,"Dodge City, KS",Micropolitan Statistical Area,33619
20020,"Dothan, AL",Metropolitan Statistical Area,149358
20060,"Douglas, GA",Micropolitan Statistical Area,51438
20100,"Dover, DE",Metropolitan Statistical Area,180786
20140,"Dublin, GA",Micropolitan Statistical Area,64090
20180,"DuBois, PA",Micropolitan Statistical Area,79255
20220,"Dubuque, IA",Metropolitan Statistical Area,97311
20260,"Duluth, MN-WI",Metropolitan Statistical Area,288732
20300,"Dumas, TX",Micropolitan Statistical Area,20940
20340,"Duncan, OK",Micropolitan Statistical Area,43143
20420,"Durango, CO",Micropolitan Statistical Area,56221
20460,"Durant, OK",Micropolitan Statistical Area,47995
20500,"Durham-Chapel Hill, NC",Metropolitan Statistical Area,644367
20540,"Dyersburg, TN",Micropolitan Statistical Area,37159
20580,"Eagle Pass, TX",Micropolitan Statistical Area,58722
20660,"Easton, MD",Micropolitan Statistical Area,37181
20700,"East Stroudsburg, PA",Metropolitan Statistical Area,170271
20740,"Eau Claire, WI",Metropolitan Statistical Area,169304
20780,"Edwards, CO",Micropolitan Statistical Area,55127
20820,"Effingham, IL",Micropolitan Statistical Area,34008
20900,"El Campo, TX",Micropolitan Statistical Area,41556
20940,"El Centro, CA",Metropolitan Statistical Area,181215
20980,"El Dorado, AR",Micropolitan Statistical Area,38682
21020,"Elizabeth City, NC",Micropolitan Statistical Area,53287
21060,"Elizabethtown-Fort Knox, KY",Metropolitan Statistical Area,153928
21120,"Elk City, OK",Micropolitan Statistical Area,21859
21140,"Elkhart-Goshen, IN",Metropolitan Statistical Area,206341
21180,"Elkins, WV",Micropolitan Statistical Area,28695
21220,"Elko, NV",Micropolitan Statistical Area,54807
21260,"Ellensburg, WA",Micropolitan Statistical Area,47935
21300,"Elmira, NY",Metropolitan Statistical Area,83456
21340,"El Paso, TX",Metropolitan Statistical Area,844124
21380,"Emporia, KS",Micropolitan Statistical Area,35843
21420,"Enid, OK",Metropolitan Statistical Area,61056
21460,"Enterprise, AL",Micropolitan Statistical Area,52342
21500,"Erie, PA",Metropolitan Statistical Area,269728
21540,"Escanaba, MI",Micropolitan Statistical Area,35784
21580,"Española, NM",Micropolitan Statistical Area,38921
21640,"Eufaula, AL-GA",Micropolitan Statistical Area,26985
21660,"Eugene-Springfield, OR",Metropolitan Statistical Area,382067
21700,"Eureka-Arcata, CA",Micropolitan Statistical Area,135558
21740,"Evanston, WY",Micropolitan Statistical Area,20226
21780,"Evansville, IN-KY",Metropolitan Statistical Area,315086
21820,"Fairbanks, AK",Metropolitan Statistical Area,96849
21840,"Fairfield, IA",Micropolitan Statistical Area,18295
21860,"Fairmont, MN",Micropolitan Statistical Area,19683
21900,"Fairmont, WV",Micropolitan Statistical Area,56072
21980,"Fallon, NV",Micropolitan Statistical Area,24909
22020,"Fargo, ND-MN",Metropolitan Statistical Area,246145
22060,"Faribault-Northfield, MN",Micropolitan Statistical Area,66972
22100,"Farmington, MO",Micropolitan Statistical Area,67215
22140,"Farmington, NM",Metropolitan Statistical Area,123958
22180,"Fayetteville, NC",Metropolitan Statistical Area,526719
22220,"Fayetteville-Springdale-Rogers, AR",Metropolitan Statistical Area,534904
22260,"Fergus Falls, MN",Micropolitan Statistical Area,58746
22280,"Fernley, NV",Micropolitan Statistical Area,57510
22300,"Findlay, OH",Micropolitan Statistical Area,75783
22340,"Fitzgerald, GA",Micropolitan Statistical Area,16700
22380,"Flagstaff, AZ",Metropolitan Statistical Area,143476
22420,"Flint, MI",Metropolitan Statistical Area,405813
22500,"Florence, SC",Metropolitan Statistical Area,204911
22520,"Florence-Muscle Shoals, AL",Metropolitan Statistical Area,147970
22540,"Fond du Lac, WI",Metropolitan Statistical Area,103403
22580,"Forest City, NC",Micropolitan Statistical Area,67029
22620,"Forrest City, AR",Micropolitan Statistical Area,24994
22660,"Fort Collins, CO",Metropolitan Statistical Area,356899
22700,"Fort Dodge, IA",Micropolitan Statistical Area,35904
22780,"Fort Leonard Wood, MO",Micropolitan Statistical Area,52607
22800,"Fort Madison-Keokuk, IA-IL-MO",Micropolitan Statistical Area,58162
22820,"Fort Morgan, CO",Micropolitan Statistical Area,29068
22840,"Fort Payne, AL",Micropolitan Statistical Area,71513
22860,"Fort Polk South, LA",Micropolitan Statistical Area,47429
22900,"Fort Smith, AR-OK",Metropolitan Statistical Area,250368
23060,"Fort Wayne, IN",Metropolitan Statistical Area,413263
23140,"Frankfort, IN",Micropolitan Statistical Area,32399
23180,"Frankfort, KY",Micropolitan Statistical Area,73738
23240,"Fredericksburg, TX",Micropolitan Statistical Area,26988
23300,"Freeport, IL",Micropolitan Statistical Area,44498
23340,"Fremont, NE",Micropolitan Statistical Area,36565
23380,"Fremont, OH",Micropolitan Statistical Area,58518
23420,"Fresno, CA",Metropolitan Statistical Area,999101
23460,"Gadsden, AL",Metropolitan Statistical Area,102268
23500,"Gaffney, SC",Micropolitan Statistical Area,57300
23540,"Gainesville, FL",Metropolitan Statistical Area,329128
23580,"Gainesville, GA",Metropolitan Statistical Area,204441
23620,"Gainesville, TX",Micropolitan Statistical Area,41257
23660,"Galesburg, IL",Micropolitan Statistical Area,49699
23700,"Gallup, NM",Micropolitan Statistical Area,71367
23780,"Garden City, KS",Micropolitan Statistical Area,40305
23820,"Gardnerville Ranchos, NV",Micropolitan Statistical Area,48905
23860,"Georgetown, SC",Micropolitan Statistical Area,62680
23900,"Gettysburg, PA",Metropolitan Statistical Area,103009
23940,"Gillette, WY",Micropolitan Statistical Area,60852
23980,"Glasgow, KY",Micropolitan Statistical Area,54320
24020,"Glens Falls, NY",Metropolitan Statistical Area,125148
24060,"Glenwood Springs, CO",Micropolitan Statistical Area,77828
24100,"Gloversville, NY",Micropolitan Statistical Area,53383
24140,"Goldsboro, NC",Metropolitan Statistical Area,123131
24180,"Granbury, TX",Micropolitan Statistical Area,61643
24220,"Grand Forks, ND-MN",Metropolitan Statistical Area,100815
24260,"Grand Island, NE",Metropolitan Statistical Area,75553
24300,"Grand Junction, CO",Metropolitan Statistical Area,154210
24330,"Grand Rapids, MN",Micropolitan Statistical Area,45130
24340,"Grand Rapids-Kentwood, MI",Metropolitan Statistical Area,1077370
24380,"Grants, NM",Micropolitan Statistical Area,26675
24420,"Grants Pass, OR",Metropolitan Statistical Area,87487
24460,"Great Bend, KS",Micropolitan Statistical Area,25779
24500,"Great Falls, MT",Metropolitan Statistical Area,81366
24540,"Greeley, CO",Metropolitan Statistical Area,324492
24580,"Green Bay, WI",Metropolitan Statistical Area,322906
24620,"Greeneville, TN",Micropolitan Statistical Area,69069
24660,"Greensboro-High Point, NC",Metropolitan Statistical Area,771851
24700,"Greensburg, IN",Micropolitan Statistical Area,26559
24740,"Greenville, MS",Micropolitan Statistical Area,43909
24780,"Greenville, NC",Metropolitan Statistical Area,180742
24820,"Greenville, OH",Micropolitan Statistical Area,51113
24860,"Greenville-Anderson, SC",Metropolitan Statistical Area,920477
24900,"Greenwood, MS",Micropolitan Statistical Area,38130
24940,"Greenwood, SC",Micropolitan Statistical Area,70811
24980,"Grenada, MS",Micropolitan Statistical Area,20758
25020,"Guayama, PR",Metropolitan Statistical Area,72914
25060,"Gulfport-Biloxi, MS",Metropolitan Statistical Area,417665
25100,"Guymon, OK",Micropolitan Statistical Area,19983
25180,"Hagerstown-Martinsburg, MD-WV",Metropolitan Statistical Area,288104
25200,"Hailey, ID",Micropolitan Statistical Area,24127
25220,"Hammond, LA",Metropolitan Statistical Area,134758
25260,"Hanford-Corcoran, CA",Metropolitan Statistical Area,152940
25300,"Hannibal, MO",Micropolitan Statistical Area,38839
25420,"Harrisburg-Carlisle, PA",Metropolitan Statistical Area,577941
25460,"Harrison, AR",Micropolitan Statistical Area,45185
25500,"Harrisonburg, VA",Metropolitan Statistical Area,134964
25540,"Hartford-East Hartford-Middletown, CT",Metropolitan Statistical Area,1204877
25580,"Hastings, NE",Micropolitan Statistical Area,31363
25620,"Hattiesburg, MS",Metropolitan Statistical Area,168849
25700,"Hays, KS",Micropolitan Statistical Area,28553
25720,"Heber, UT",Micropolitan Statistical Area,76236
25740,"Helena, MT",Micropolitan Statistical Area,81653
25760,"Helena-West Helena, AR",Micropolitan Statistical Area,17782
25780,"Henderson, NC",Micropolitan Statistical Area,44535
25820,"Hereford, TX",Micropolitan Statistical Area,18546
25840,"Hermiston-Pendleton, OR",Micropolitan Statistical Area,89553
25860,"Hickory-Lenoir-Morganton, NC",Metropolitan Statistical Area,369711
25880,"Hillsdale, MI",Micropolitan Statistical Area,45605
25900,"Hilo, HI",Micropolitan Statistical Area,201513
25940,"Hilton Head Island-Bluffton, SC",Metropolitan Statistical Area,222195
25980,"Hinesville, GA",Metropolitan Statistical Area,80994
26020,"Hobbs, NM",Micropolitan Statistical Area,71070
26090,"Holland, MI",Micropolitan Statistical Area,118081
26140,"Homosassa Springs, FL",Metropolitan Statistical Area,149657
26220,"Hood River, OR",Micropolitan Statistical Area,23382
26260,"Hope, AR",Micropolitan Statistical Area,29784
26300,"Hot Springs, AR",Metropolitan Statistical Area,99386
26340,"Houghton, MI",Micropolitan Statistical Area,37800
26380,"Houma-Thibodaux, LA",Metropolitan Statistical Area,208075
26420,"Houston-The Woodlands-Sugar Land, TX",Metropolitan Statistical Area,7066141
26460,"Hudson, NY",Micropolitan Statistical Area,59461
26500,"Huntingdon, PA",Micropolitan Statistical Area,45144
26540,"Huntington, IN",Micropolitan Statistical Area,36520
26580,"Huntington-Ashland, WV-KY-OH",Metropolitan Statistical Area,355873
26620,"Huntsville, AL",Metropolitan Statistical Area,471824
26660,"Huntsville, TX",Micropolitan Statistical Area,72971
26700,"Huron, SD",Micropolitan Statistical Area,20466
26740,"Hutchinson, KS",Micropolitan Statistical Area,61998
26780,"Hutchinson, MN",Micropolitan Statistical Area,35893
26820,"Idaho Falls, ID",Metropolitan Statistical Area,151530
26860,"Indiana, PA",Micropolitan Statistical Area,84073
26900,"Indianapolis-Carmel-Anderson, IN",Metropolitan Statistical Area,2074537
26940,"Indianola, MS",Micropolitan Statistical Area,25110
26980,"Iowa City, IA",Metropolitan Statistical Area,173105
27020,"Iron Mountain, MI-WI",Micropolitan Statistical Area,29534
27060,"Ithaca, NY",Metropolitan Statistical Area,102180
27100,"Jackson, MI",Metropolitan Statistical Area,158510
27140,"Jackson, MS",Metropolitan Statistical Area,594806
27160,"Jackson, OH",Micropolitan Statistical Area,32413
27180,"Jackson, TN",Metropolitan Statistical Area,178644
27220,"Jackson, WY-ID",Micropolitan Statistical Area,35606
27260,"Jacksonville, FL",Metropolitan Statistical Area,1559514
27300,"Jacksonville, IL",Micropolitan Statistical Area,38609
27340,"Jacksonville, NC",Metropolitan Statistical Area,197938
27380,"Jacksonville, TX",Micropolitan Statistical Area,52646
27420,"Jamestown, ND",Micropolitan Statistical Area,20704
27460,"Jamestown-Dunkirk-Fredonia, NY",Micropolitan Statistical Area,126903
27500,"Janesville-Beloit, WI",Metropolitan Statistical Area,163354
27530,"Jasper, AL",Micropolitan Statistical Area,63521
27540,"Jasper, IN",Micropolitan Statistical Area,55125
27580,"Jayuya, PR",Micropolitan Statistical Area,13891
27600,"Jefferson, GA",Micropolitan Statistical Area,72977
27620,"Jefferson City, MO",Metropolitan Statistical Area,151235
27660,"Jennings, LA",Micropolitan Statistical Area,31368
27700,"Jesup, GA",Micropolitan Statistical Area,29927
27740,"Johnson City, TN",Metropolitan Statistical Area,203649
27780,"Johnstown, PA",Metropolitan Statistical Area,130192
27860,"Jonesboro, AR",Metropolitan Statistical Area,133860
27900,"Joplin, MO",Metropolitan Statistical Area,179564
27940,"Juneau, AK",Micropolitan Statistical Area,31974
27980,"Kahului-Wailuku-Lahaina, HI",Metropolitan Statistical Area,167417
28020,"Kalamazoo-Portage, MI",Metropolitan Statistical Area,265066
28060,"Kalispell, MT",Micropolitan Statistical Area,103806
28100,"Kankakee, IL",Metropolitan Statistical Area,109862
28140,"Kansas City, MO-KS",Metropolitan Statistical Area,2157990
28180,"Kapaa, HI",Micropolitan Statistical Area,72293
28260,"Kearney, NE",Micropolitan Statistical Area,56154
28300,"Keene, NH",Micropolitan Statistical Area,76085
28340,"Kendallville, IN",Micropolitan Statistical Area,47744
28380,"Kennett, MO",Micropolitan Statistical Area,29131
28420,"Kennewick-Richland, WA",Metropolitan Statistical Area,299612
28500,"Kerrville, TX",Micropolitan Statistical Area,52600
28540,"Ketchikan, AK",Micropolitan Statistical Area,13901
28580,"Key West, FL",Micropolitan Statistical Area,74228
28620,"Kill Devil Hills, NC",Micropolitan Statistical Area,37009
28660,"Killeen-Temple, TX",Metropolitan Statistical Area,460303
28700,"Kingsport-Bristol, TN-VA",Metropolitan Statistical Area,307202
28740,"Kingston, NY",Metropolitan Statistical Area,177573
28780,"Kingsville, TX",Micropolitan Statistical Area,31084
28820,"Kinston, NC",Micropolitan Statistical Area,55949
28860,"Kirksville, MO",Micropolitan Statistical Area,30003
28900,"Klamath Falls, OR",Micropolitan Statistical Area,68238
28940,"Knoxville, TN",Metropolitan Statistical Area,869046
29020,"Kokomo, IN",Metropolitan Statistical Area,82544
29060,"Laconia, NH",Micropolitan Statistical Area,61303
29100,"La Crosse-Onalaska, WI-MN",Metropolitan Statistical Area,136616
29180,"Lafayette, LA",Metropolitan Statistical Area,489207
29200,"Lafayette-West Lafayette, IN",Metropolitan Statistical Area,233002
29260,"La Grande, OR",Micropolitan Statistical Area,26835
29300,"LaGrange, GA-AL",Micropolitan Statistical Area,103176
29340,"Lake Charles, LA",Metropolitan Statistical Area,210409
29380,"Lake City, FL",Micropolitan Statistical Area,71686
29420,"Lake Havasu City-Kingman, AZ",Metropolitan Statistical Area,212181
29460,"Lakeland-Winter Haven, FL",Metropolitan Statistical Area,724777
29500,"Lamesa, TX",Micropolitan Statistical Area,12728
29540,"Lancaster, PA",Metropolitan Statistical Area,545724
29620,"Lansing-East Lansing, MI",Metropolitan Statistical Area,550391
29660,"Laramie, WY",Micropolitan Statistical Area,38880
29700,"Laredo, TX",Metropolitan Statistical Area,276652
29740,"Las Cruces, NM",Metropolitan Statistical Area,218195
29780,"Las Vegas, NM",Micropolitan Statistical Area,31798
29820,"Las Vegas-Henderson-Paradise, NV",Metropolitan Statistical Area,2266715
29860,"Laurel, MS",Micropolitan Statistical Area,84481
29900,"Laurinburg, NC",Micropolitan Statistical Area,34823
29940,"Lawrence, KS",Metropolitan Statistical Area,122259
29980,"Lawrenceburg, TN",Micropolitan Statistical Area,44142
30020,"Lawton, OK",Metropolitan Statistical Area,126415
30060,"Lebanon, MO",Micropolitan Statistical Area,35723
30100,"Lebanon, NH-VT",Micropolitan Statistical Area,216986
30140,"Lebanon, PA",Metropolitan Statistical Area,141793
30220,"Levelland, TX",Micropolitan Statistical Area,23021
30260,"Lewisburg, PA",Micropolitan Statistical Area,44923
30280,"Lewisburg, TN",Micropolitan Statistical Area,34375
30300,"Lewiston, ID-WA",Metropolitan Statistical Area,62990
30340,"Lewiston-Auburn, ME",Metropolitan Statistical Area,108277
30380,"Lewistown, PA",Micropolitan Statistical Area,46138
30420,"Lexington, NE",Micropolitan Statistical Area,25585
30460,"Lexington-Fayette, KY",Metropolitan Statistical Area,517056
30580,"Liberal, KS",Micropolitan Statistical Area,21428
30620,"Lima, OH",Metropolitan Statistical Area,102351
30660,"Lincoln, IL",Micropolitan Statistical Area,28618
30700,"Lincoln, NE",Metropolitan Statistical Area,336374
30780,"Little Rock-North Little Rock-Conway, AR",Metropolitan Statistical Area,742384
30820,"Lock Haven, PA",Micropolitan Statistical Area,38632
30860,"Logan, UT-ID",Metropolitan Statistical Area,142165
30900,"Logansport, IN",Micropolitan Statistical Area,37689
30940,"London, KY",Micropolitan Statistical Area,148123
30980,"Longview, TX",Metropolitan Statistical Area,286657
31020,"Longview, WA",Metropolitan Statistical Area,110593
31060,"Los Alamos, NM",Micropolitan Statistical Area,19369
31080,"Los Angeles-Long Beach-Anaheim, CA",Metropolitan Statistical Area,13214799
31140,"Louisville/Jefferson County, KY-IN",Metropolitan Statistical Area,1265108
31180,"Lubbock, TX",Metropolitan Statistical Area,322257
31220,"Ludington, MI",Micropolitan Statistical Area,29144
31260,"Lufkin, TX",Micropolitan Statistical Area,86715
31300,"Lumberton, NC",Micropolitan Statistical Area,130625
31340,"Lynchburg, VA",Metropolitan Statistical Area,263566
31380,"Macomb, IL",Micropolitan Statistical Area,29682
31420,"Macon-Bibb County, GA",Metropolitan Statistical Area,229996
31460,"Madera, CA",Metropolitan Statistical Area,157327
31500,"Madison, IN",Micropolitan Statistical Area,32308
31540,"Madison, WI",Metropolitan Statistical Area,664865
31580,"Madisonville, KY",Micropolitan Statistical Area,44686
31620,"Magnolia, AR",Micropolitan Statistical Area,23457
31660,"Malone, NY",Micropolitan Statistical Area,50022
31680,"Malvern, AR",Micropolitan Statistical Area,33771
31700,"Manchester-Nashua, NH",Metropolitan Statistical Area,417025
31740,"Manhattan, KS",Metropolitan Statistical Area,130285
31820,"Manitowoc, WI",Micropolitan Statistical Area,78981
31860,"Mankato, MN",Metropolitan Statistical Area,101927
31900,"Mansfield, OH",Metropolitan Statistical Area,121154
31930,"Marietta, OH",Micropolitan Statistical Area,59911
31940,"Marinette, WI-MI",Micropolitan Statistical Area,63130
31980,"Marion, IN",Micropolitan Statistical Area,65769
32000,"Marion, NC",Micropolitan Statistical Area,45756
32020,"Marion, OH",Micropolitan Statistical Area,65093
32100,"Marquette, MI",Micropolitan Statistical Area,66699
32140,"Marshall, MN",Micropolitan Statistical Area,25474
32180,"Marshall, MO",Micropolitan Statistical Area,22761
32260,"Marshalltown, IA",Micropolitan Statistical Area,39369
32280,"Martin, TN",Micropolitan Statistical Area,33328
32300,"Martinsville, VA",Micropolitan Statistical Area,63111
32340,"Maryville, MO",Micropolitan Statistical Area,22092
32380,"Mason City, IA",Micropolitan Statistical Area,49831
32420,"Mayagüez, PR",Metropolitan Statistical Area,94975
32460,"Mayfield, KY",Micropolitan Statistical Area,37266
32500,"Maysville, KY",Micropolitan Statistical Area,17070
32540,"McAlester, OK",Micropolitan Statistical Area,43654
32580,"McAllen-Edinburg-Mission, TX",Metropolitan Statistical Area,868707
32620,"McComb, MS",Micropolitan Statistical Area,39288
32660,"McMinnville, TN",Micropolitan Statistical Area,41277
32700,"McPherson, KS",Micropolitan Statistical Area,28542
32740,"Meadville, PA",Micropolitan Statistical Area,84629
32780,"Medford, OR",Metropolitan Statistical Area,220944
32820,"Memphis, TN-MS-AR",Metropolitan Statistical Area,1346045
32860,"Menomonie, WI",Micropolitan Statistical Area,45368
32900,"Merced, CA",Metropolitan Statistical Area,277680
32940,"Meridian, MS",Micropolitan Statistical Area,99408
33020,"Mexico, MO",Micropolitan Statistical Area,25388
33060,"Miami, OK",Micropolitan Statistical Area,31127
33100,"Miami-Fort Lauderdale-Pompano Beach, FL",Metropolitan Statistical Area,6166488
33140,"Michigan City-La Porte, IN",Metropolitan Statistical Area,109888
33180,"Middlesborough, KY",Micropolitan Statistical Area,26032
33220,"Midland, MI",Metropolitan Statistical Area,83156
33260,"Midland, TX",Metropolitan Statistical Area,182603
33300,"Milledgeville, GA",Micropolitan Statistical Area,53347
33340,"Milwaukee-Waukesha, WI",Metropolitan Statistical Area,1575179
33380,"Minden, LA",Micropolitan Statistical Area,38340
33420,"Mineral Wells, TX",Micropolitan Statistical Area,29189
33460,"Minneapolis-St. Paul-Bloomington, MN-WI",Metropolitan Statistical Area,3640043
33500,"Minot, ND",Micropolitan Statistical Area,75713
33540,"Missoula, MT",Metropolitan Statistical Area,119600
33580,"Mitchell, SD",Micropolitan Statistical Area,23228
33620,"Moberly, MO",Micropolitan Statistical Area,24748
33660,"Mobile, AL",Metropolitan Statistical Area,429536
33700,"Modesto, CA",Metropolitan Statistical Area,550660
33740,"Monroe, LA",Metropolitan Statistical Area,200261
33780,"Monroe, MI",Metropolitan Statistical Area,150500
33860,"Montgomery, AL",Metropolitan Statistical Area,373290
33940,"Montrose, CO",Micropolitan Statistical Area,47710
33980,"Morehead City, NC",Micropolitan Statistical Area,69473
34020,"Morgan City, LA",Micropolitan Statistical Area,49348
34060,"Morgantown, WV",Metropolitan Statistical Area,139044
34100,"Morristown, TN",Metropolitan Statistical Area,142749
34140,"Moscow, ID",Micropolitan Statistical Area,40108
34180,"Moses Lake, WA",Micropolitan Statistical Area,97733
34220,"Moultrie, GA",Micropolitan Statistical Area,45600
34260,"Mountain Home, AR",Micropolitan Statistical Area,41932
34300,"Mountain Home, ID",Micropolitan Statistical Area,27511
34340,"Mount Airy, NC",Micropolitan Statistical Area,71783
34350,"Mount Gay-Shamrock, WV",Micropolitan Statistical Area,32019
34380,"Mount Pleasant, MI",Micropolitan Statistical Area,69872
34420,"Mount Pleasant, TX",Micropolitan Statistical Area,45844
34460,"Mount Sterling, KY",Micropolitan Statistical Area,47146
34500,"Mount Vernon, IL",Micropolitan Statistical Area,37684
34540,"Mount Vernon, OH",Micropolitan Statistical Area,62322
34580,"Mount Vernon-Anacortes, WA",Metropolitan Statistical Area,129205
34620,"Muncie, IN",Metropolitan Statistical Area,114135
34660,"Murray, KY",Micropolitan Statistical Area,39001
34700,"Muscatine, IA",Micropolitan Statistical Area,42664
34740,"Muskegon, MI",Metropolitan Statistical Area,173566
34780,"Muskogee, OK",Micropolitan Statistical Area,67997
34820,"Myrtle Beach-Conway-North Myrtle Beach, SC-NC",Metropolitan Statistical Area,496901
34860,"Nacogdoches, TX",Micropolitan Statistical Area,65204
34900,"Napa, CA",Metropolitan Statistical Area,137744
34940,"Naples-Marco Island, FL",Metropolitan Statistical Area,384902
34980,"Nashville-Davidson--Murfreesboro--Franklin, TN",Metropolitan Statistical Area,1934317
35020,"Natchez, MS-LA",Micropolitan Statistical Area,49952
35060,"Natchitoches, LA",Micropolitan Statistical Area,38158
35100,"New Bern, NC",Metropolitan Statistical Area,124284
35140,"Newberry, SC",Micropolitan Statistical Area,38440
35220,"New Castle, IN",Micropolitan Statistical Area,47972
35260,"New Castle, PA",Micropolitan Statistical Area,85512
35300,"New Haven-Milford, CT",Metropolitan Statistical Area,854757
35380,"New Orleans-Metairie, LA",Metropolitan Statistical Area,1270530
35420,"New Philadelphia-Dover, OH",Micropolitan Statistical Area,91987
35440,"Newport, OR",Micropolitan Statistical Area,49962
35460,"Newport, TN",Micropolitan Statistical Area,36004
35580,"New Ulm, MN",Micropolitan Statistical Area,25008
35620,"New York-Newark-Jersey City, NY-NJ-PA",Metropolitan Statistical Area,19216182
35660,"Niles, MI",Metropolitan Statistical Area,153401
35700,"Nogales, AZ",Micropolitan Statistical Area,46498
35740,"Norfolk, NE",Micropolitan Statistical Area,48167
35820,"North Platte, NE",Micropolitan Statistical Area,36156
35840,"North Port-Sarasota-Bradenton, FL",Metropolitan Statistical Area,836995
35860,"North Vernon, IN",Micropolitan Statistical Area,27735
35900,"North Wilkesboro, NC",Micropolitan Statistical Area,68412
35940,"Norwalk, OH",Micropolitan Statistical Area,58266
35980,"Norwich-New London, CT",Metropolitan Statistical Area,265206
36020,"Oak Harbor, WA",Micropolitan Statistical Area,85141
36100,"Ocala, FL",Metropolitan Statistical Area,365579
36140,"Ocean City, NJ",Metropolitan Statistical Area,92039
36220,"Odessa, TX",Metropolitan Statistical Area,166223
36260,"Ogden-Clearfield, UT",Metropolitan Statistical Area,683864
36300,"Ogdensburg-Massena, NY",Micropolitan Statistical Area,107740
36340,"Oil City, PA",Micropolitan Statistical Area,50668
36380,"Okeechobee, FL",Micropolitan Statistical Area,42168
36420,"Oklahoma City, OK",Metropolitan Statistical Area,1408950
36460,"Olean, NY",Micropolitan Statistical Area,76117
36500,"Olympia-Lacey-Tumwater, WA",Metropolitan Statistical Area,290536
36540,"Omaha-Council Bluffs, NE-IA",Metropolitan Statistical Area,949442
36580,"Oneonta, NY",Micropolitan Statistical Area,59493
36620,"Ontario, OR-ID",Micropolitan Statistical Area,54522
36660,"Opelousas, LA",Micropolitan Statistical Area,82124
36700,"Orangeburg, SC",Micropolitan Statistical Area,86175
36740,"Orlando-Kissimmee-Sanford, FL",Metropolitan Statistical Area,2608147
36780,"Oshkosh-Neenah, WI",Metropolitan Statistical Area,171907
36820,"Oskaloosa, IA",Micropolitan Statistical Area,22095
36830,"Othello, WA",Micropolitan Statistical Area,19983
36837,"Ottawa, IL",Micropolitan Statistical Area,147036
36840,"Ottawa, KS",Micropolitan Statistical Area,25544
36900,"Ottumwa, IA",Micropolitan Statistical Area,34969
36940,"Owatonna, MN",Micropolitan Statistical Area,36649
36980,"Owensboro, KY",Metropolitan Statistical Area,119440
37060,"Oxford, MS",Micropolitan Statistical Area,54019
37100,"Oxnard-Thousand Oaks-Ventura, CA",Metropolitan Statistical Area,846006
37120,"Ozark, AL",Micropolitan Statistical Area,49172
37140,"Paducah, KY-IL",Micropolitan Statistical Area,96272
37220,"Pahrump, NV",Micropolitan Statistical Area,46523
37260,"Palatka, FL",Micropolitan Statistical Area,74521
37300,"Palestine, TX",Micropolitan Statistical Area,57735
37340,"Palm Bay-Melbourne-Titusville, FL",Metropolitan Statistical Area,601942
37420,"Pampa, TX",Micropolitan Statistical Area,22740
37460,"Panama City, FL",Metropolitan Statistical Area,174705
37500,"Paragould, AR",Micropolitan Statistical Area,45325
37540,"Paris, TN",Micropolitan Statistical Area,32345
37580,"Paris, TX",Micropolitan Statistical Area,49859
37620,"Parkersburg-Vienna, WV",Metropolitan Statistical Area,89339
37660,"Parsons, KS",Micropolitan Statistical Area,19618
37740,"Payson, AZ",Micropolitan Statistical Area,54018
37770,"Pearsall, TX",Micropolitan Statistical Area,20306
37780,"Pecos, TX",Micropolitan Statistical Area,16145
37800,"Pella, IA",Micropolitan Statistical Area,33253
37860,"Pensacola-Ferry Pass-Brent, FL",Metropolitan Statistical Area,502629
37900,"Peoria, IL",Metropolitan Statistical Area,400561
37940,"Peru, IN",Micropolitan Statistical Area,35516
37980,"Philadelphia-Camden-Wilmington, PA-NJ-DE-MD",Metropolitan Statistical Area,6102434
38060,"Phoenix-Mesa-Chandler, AZ",Metropolitan Statistical Area,4948203
38100,"Picayune, MS",Micropolitan Statistical Area,55535
38180,"Pierre, SD",Micropolitan Statistical Area,20624
38220,"Pine Bluff, AR",Metropolitan Statistical Area,87804
38240,"Pinehurst-Southern Pines, NC",Micropolitan Statistical Area,100880
38260,"Pittsburg, KS",Micropolitan Statistical Area,38818
38300,"Pittsburgh, PA",Metropolitan Statistical Area,2317600
38340,"Pittsfield, MA",Metropolitan Statistical Area,124944
38380,"Plainview, TX",Micropolitan Statistical Area,33406
38420,"Platteville, WI",Micropolitan Statistical Area,51439
38460,"Plattsburgh, NY",Micropolitan Statistical Area,80485
38500,"Plymouth, IN",Micropolitan Statistical Area,46258
38540,"Pocatello, ID",Metropolitan Statistical Area,95489
38580,"Point Pleasant, WV-OH",Micropolitan Statistical Area,56414
38620,"Ponca City, OK",Micropolitan Statistical Area,43538
38660,"Ponce, PR",Metropolitan Statistical Area,215295
38700,"Pontiac, IL",Micropolitan Statistical Area,35648
38740,"Poplar Bluff, MO",Micropolitan Statistical Area,55766
38780,"Portales, NM",Micropolitan Statistical Area,18500
38820,"Port Angeles, WA",Micropolitan Statistical Area,77331
38860,"Portland-South Portland, ME",Metropolitan Statistical Area,538500
38900,"Portland-Vancouver-Hillsboro, OR-WA",Metropolitan Statistical Area,2492412
38920,"Port Lavaca, TX",Micropolitan Statistical Area,21290
38940,"Port St. Lucie, FL",Metropolitan Statistical Area,489297
39020,"Portsmouth, OH",Micropolitan Statistical Area,75314
39060,"Pottsville, PA",Micropolitan Statistical Area,141359
39100,"Poughkeepsie-Newburgh-Middletown, NY",Metropolitan Statistical Area,679158
39150,"Prescott Valley-Prescott, AZ",Metropolitan Statistical Area,235099
39220,"Price, UT",Micropolitan Statistical Area,20463
39260,"Prineville, OR",Micropolitan Statistical Area,24404
39300,"Providence-Warwick, RI-MA",Metropolitan Statistical Area,1624578
39340,"Provo-Orem, UT",Metropolitan Statistical Area,648252
39380,"Pueblo, CO",Metropolitan Statistical Area,168424
39420,"Pullman, WA",Micropolitan Statistical Area,50104
39460,"Punta Gorda, FL",Metropolitan Statistical Area,188910
39500,"Quincy, IL-MO",Micropolitan Statistical Area,75211
39540,"Racine, WI",Metropolitan Statistical Area,196311
39580,"Raleigh-Cary, NC",Metropolitan Statistical Area,1390785
39660,"Rapid City, SD",Metropolitan Statistical Area,142107
39700,"Raymondville, TX",Micropolitan Statistical Area,21358
39740,"Reading, PA",Metropolitan Statistical Area,421164
39780,"Red Bluff, CA",Micropolitan Statistical Area,65084
39820,"Redding, CA",Metropolitan Statistical Area,180080
39860,"Red Wing, MN",Micropolitan Statistical Area,46340
39900,"Reno, NV",Metropolitan Statistical Area,475642
39940,"Rexburg, ID",Micropolitan Statistical Area,53006
39980,"Richmond, IN",Micropolitan Statistical Area,65884
40060,"Richmond, VA",Metropolitan Statistical Area,1291900
40080,"Richmond-Berea, KY",Micropolitan Statistical Area,107093
40100,"Rio Grande City-Roma, TX",Micropolitan Statistical Area,64633
40140,"Riverside-San Bernardino-Ontario, CA",Metropolitan Statistical Area,4650631
40180,"Riverton, WY",Micropolitan Statistical Area,39261
40220,"Roanoke, VA",Metropolitan Statistical Area,313222
40260,"Roanoke Rapids, NC",Micropolitan Statistical Area,69493
40300,"Rochelle, IL",Micropolitan Statistical Area,50643
40340,"Rochester, MN",Metropolitan Statistical Area,221921
40380,"Rochester, NY",Metropolitan Statistical Area,1069644
40420,"Rockford, IL",Metropolitan Statistical Area,336116
40460,"Rockingham, NC",Micropolitan Statistical Area,44829
40530,"Rockport, TX",Micropolitan Statistical Area,23510
40540,"Rock Springs, WY",Micropolitan Statistical Area,42343
40580,"Rocky Mount, NC",Metropolitan Statistical Area,145770
40620,"Rolla, MO",Micropolitan Statistical Area,44573
40660,"Rome, GA",Metropolitan Statistical Area,98498
40700,"Roseburg, OR",Micropolitan Statistical Area,110980
40740,"Roswell, NM",Micropolitan Statistical Area,64615
40760,"Ruidoso, NM",Micropolitan Statistical Area,19572
40780,"Russellville, AR",Micropolitan Statistical Area,85413
40820,"Ruston, LA",Micropolitan Statistical Area,46742
40860,"Rutland, VT",Micropolitan Statistical Area,58191
40900,"Sacramento-Roseville-Folsom, CA",Metropolitan Statistical Area,2363730
40940,"Safford, AZ",Micropolitan Statistical Area,38837
40980,"Saginaw, MI",Metropolitan Statistical Area,190539
41060,"St. Cloud, MN",Metropolitan Statistical Area,201964
41100,"St. George, UT",Metropolitan Statistical Area,177556
41140,"St. Joseph, MO-KS",Metropolitan Statistical Area,125223
41180,"St. Louis, MO-IL",Metropolitan Statistical Area,2803228
41220,"St. Marys, GA",Micropolitan Statistical Area,54666
41260,"St. Marys, PA",Micropolitan Statistical Area,29910
41400,"Salem, OH",Micropolitan Statistical Area,101883
41420,"Salem, OR",Metropolitan Statistical Area,433903
41460,"Salina, KS",Micropolitan Statistical Area,59928
41500,"Salinas, CA",Metropolitan Statistical Area,434061
41540,"Salisbury, MD-DE",Metropolitan Statistical Area,415726
41620,"Salt Lake City, UT",Metropolitan Statistical Area,1232696
41660,"San Angelo, TX",Metropolitan Statistical Area,122027
41700,"San Antonio-New Braunfels, TX",Metropolitan Statistical Area,2550960
41740,"San Diego-Chula Vista-Carlsbad, CA",Metropolitan Statistical Area,3338330
41760,"Sandpoint, ID",Micropolitan Statistical Area,45739
41780,"Sandusky, OH",Micropolitan Statistical Area,74266
41820,"Sanford, NC",Micropolitan Statistical Area,61779
41860,"San Francisco-Oakland-Berkeley, CA",Metropolitan Statistical Area,4731803
41900,"San Germán, PR",Metropolitan Statistical Area,121464
41940,"San Jose-Sunnyvale-Santa Clara, CA",Metropolitan Statistical Area,1990660
41980,"San Juan-Bayamón-Caguas, PR",Metropolitan Statistical Area,2023227
42020,"San Luis Obispo-Paso Robles, CA",Metropolitan Statistical Area,283111
42100,"Santa Cruz-Watsonville, CA",Metropolitan Statistical Area,273213
42140,"Santa Fe, NM",Metropolitan Statistical Area,150358
42180,"Santa Isabel, PR",Micropolitan Statistical Area,21209
42200,"Santa Maria-Santa Barbara, CA",Metropolitan Statistical Area,446499
42220,"Santa Rosa-Petaluma, CA",Metropolitan Statistical Area,494336
42300,"Sault Ste. Marie, MI",Micropolitan Statistical Area,37349
42340,"Savannah, GA",Metropolitan Statistical Area,393353
42380,"Sayre, PA",Micropolitan Statistical Area,60323
42420,"Scottsbluff, NE",Micropolitan Statistical Area,37529
42460,"Scottsboro, AL",Micropolitan Statistical Area,51626
42500,"Scottsburg, IN",Micropolitan Statistical Area,23873
42540,"Scranton--Wilkes-Barre, PA",Metropolitan Statistical Area,553885
42620,"Searcy, AR",Micropolitan Statistical Area,78753
42660,"Seattle-Tacoma-Bellevue, WA",Metropolitan Statistical Area,3979845
42680,"Sebastian-Vero Beach, FL",Metropolitan Statistical Area,159923
42700,"Sebring-Avon Park, FL",Metropolitan Statistical Area,106221
42740,"Sedalia, MO",Micropolitan Statistical Area,42339
42780,"Selinsgrove, PA",Micropolitan Statistical Area,40372
42820,"Selma, AL",Micropolitan Statistical Area,37196
42860,"Seneca, SC",Micropolitan Statistical Area,79546
42900,"Seneca Falls, NY",Micropolitan Statistical Area,34016
42940,"Sevierville, TN",Micropolitan Statistical Area,98250
42980,"Seymour, IN",Micropolitan Statistical Area,44231
43020,"Shawano, WI",Micropolitan Statistical Area,45455
43060,"Shawnee, OK",Micropolitan Statistical Area,72592
43100,"Sheboygan, WI",Metropolitan Statistical Area,115340
43140,"Shelby, NC",Micropolitan Statistical Area,97947
43180,"Shelbyville, TN",Micropolitan Statistical Area,49713
43220,"Shelton, WA",Micropolitan Statistical Area,66768
43260,"Sheridan, WY",Micropolitan Statistical Area,30485
43300,"Sherman-Denison, TX",Metropolitan Statistical Area,136212
43320,"Show Low, AZ",Micropolitan Statistical Area,110924
43340,"Shreveport-Bossier City, LA",Metropolitan Statistical Area,394706
43380,"Sidney, OH",Micropolitan Statistical Area,48590
43420,"Sierra Vista-Douglas, AZ",Metropolitan Statistical Area,125922
43460,"Sikeston, MO",Micropolitan Statistical Area,38280
43500,"Silver City, NM",Micropolitan Statistical Area,26998
43580,"Sioux City, IA-NE-SD",Metropolitan Statistical Area,144701
43620,"Sioux Falls, SD",Metropolitan Statistical Area,268232
43660,"Snyder, TX",Micropolitan Statistical Area,16703
43700,"Somerset, KY",Micropolitan Statistical Area,64979
43740,"Somerset, PA",Micropolitan Statistical Area,73447
43760,"Sonora, CA",Micropolitan Statistical Area,54478
43780,"South Bend-Mishawaka, IN-MI",Metropolitan Statistical Area,323613
43900,"Spartanburg, SC",Metropolitan Statistical Area,319785
43940,"Spearfish, SD",Micropolitan Statistical Area,25844
43980,"Spencer, IA",Micropolitan Statistical Area,16016
44020,"Spirit Lake, IA",Micropolitan Statistical Area,17258
44060,"Spokane-Spokane Valley, WA",Metropolitan Statistical Area,568521
44100,"Springfield, IL",Metropolitan Statistical Area,206868
44140,"Springfield, MA",Metropolitan Statistical Area,697382
44180,"Springfield, MO",Metropolitan Statistical Area,470300
44220,"Springfield, OH",Metropolitan Statistical Area,134083
44260,"Starkville, MS",Micropolitan Statistical Area,59276
44300,"State College, PA",Metropolitan Statistical Area,162385
44340,"Statesboro, GA",Micropolitan Statistical Area,79608
44420,"Staunton, VA",Metropolitan Statistical Area,123120
44460,"Steamboat Springs, CO",Micropolitan Statistical Area,25638
44500,"Stephenville, TX",Micropolitan Statistical Area,42698
44540,"Sterling, CO",Micropolitan Statistical Area,22409
44580,"Sterling, IL",Micropolitan Statistical Area,55175
44620,"Stevens Point, WI",Micropolitan Statistical Area,70772
44660,"Stillwater, OK",Micropolitan Statistical Area,81784
44700,"Stockton, CA",Metropolitan Statistical Area,762148
44740,"Storm Lake, IA",Micropolitan Statistical Area,19620
44780,"Sturgis, MI",Micropolitan Statistical Area,60964
44860,"Sulphur Springs, TX",Micropolitan Statistical Area,37084
44900,"Summerville, GA",Micropolitan Statistical Area,24789
44940,"Sumter, SC",Metropolitan Statistical Area,140466
44980,"Sunbury, PA",Micropolitan Statistical Area,90843
45000,"Susanville, CA",Micropolitan Statistical Area,30573
45020,"Sweetwater, TX",Micropolitan Statistical Area,14714
45060,"Syracuse, NY",Metropolitan Statistical Area,648593
45140,"Tahlequah, OK",Micropolitan Statistical Area,48657
45180,"Talladega-Sylacauga, AL",Micropolitan Statistical Area,79978
45220,"Tallahassee, FL",Metropolitan Statistical Area,387227
45300,"Tampa-St. Petersburg-Clearwater, FL",Metropolitan Statistical Area,3194831
45340,"Taos, NM",Micropolitan Statistical Area,32723
45380,"Taylorville, IL",Micropolitan Statistical Area,32304
45460,"Terre Haute, IN",Metropolitan Statistical Area,186367
45500,"Texarkana, TX-AR",Metropolitan Statistical Area,148761
45520,"The Dalles, OR",Micropolitan Statistical Area,26682
45540,"The Villages, FL",Metropolitan Statistical Area,132420
45580,"Thomaston, GA",Micropolitan Statistical Area,26320
45620,"Thomasville, GA",Micropolitan Statistical Area,44451
45660,"Tiffin, OH",Micropolitan Statistical Area,55178
45700,"Tifton, GA",Micropolitan Statistical Area,40644
45740,"Toccoa, GA",Micropolitan Statistical Area,25925
45780,"Toledo, OH",Metropolitan Statistical Area,641816
45820,"Topeka, KS",Metropolitan Statistical Area,231969
45860,"Torrington, CT",Micropolitan Statistical Area,180333
45900,"Traverse City, MI",Micropolitan Statistical Area,150653
45940,"Trenton-Princeton, NJ",Metropolitan Statistical Area,367430
45980,"Troy, AL",Micropolitan Statistical Area,33114
46020,"Truckee-Grass Valley, CA",Micropolitan Statistical Area,99755
46060,"Tucson, AZ",Metropolitan Statistical Area,1047279
46100,"Tullahoma-Manchester, TN",Micropolitan Statistical Area,105216
46140,"Tulsa, OK",Metropolitan Statistical Area,998626
46180,"Tupelo, MS",Micropolitan Statistical Area,166126
46220,"Tuscaloosa, AL",Metropolitan Statistical Area,252047
46300,"Twin Falls, ID",Metropolitan Statistical Area,111290
46340,"Tyler, TX",Metropolitan Statistical Area,232751
46380,"Ukiah, CA",Micropolitan Statistical Area,86749
46420,"Union, SC",Micropolitan Statistical Area,27316
46460,"Union City, TN",Micropolitan Statistical Area,30069
46500,"Urbana, OH",Micropolitan Statistical Area,38885
46520,"Urban Honolulu, HI",Metropolitan Statistical Area,974563
46540,"Utica-Rome, NY",Metropolitan Statistical Area,289990
46620,"Uvalde, TX",Micropolitan Statistical Area,26741
46660,"Valdosta, GA",Metropolitan Statistical Area,147292
46700,"Vallejo, CA",Metropolitan Statistical Area,447643
46780,"Van Wert, OH",Micropolitan Statistical Area,28275
46820,"Vermillion, SD",Micropolitan Statistical Area,14070
46860,"Vernal, UT",Micropolitan Statistical Area,35734
46900,"Vernon, TX",Micropolitan Statistical Area,12769
46980,"Vicksburg, MS",Micropolitan Statistical Area,45381
47020,"Victoria, TX",Metropolitan Statistical Area,99742
47080,"Vidalia, GA",Micropolitan Statistical Area,36002
47180,"Vincennes, IN",Micropolitan Statistical Area,36594
47220,"Vineland-Bridgeton, NJ",Metropolitan Statistical Area,149527
47240,"Vineyard Haven, MA",Micropolitan Statistical Area,17332
47260,"Virginia Beach-Norfolk-Newport News, VA-NC",Metropolitan Statistical Area,1768901
47300,"Visalia, CA",Metropolitan Statistical Area,466195
47340,"Wabash, IN",Micropolitan Statistical Area,30996
47380,"Waco, TX",Metropolitan Statistical Area,273920
47420,"Wahpeton, ND-MN",Micropolitan Statistical Area,22384
47460,"Walla Walla, WA",Metropolitan Statistical Area,60760
47540,"Wapakoneta, OH",Micropolitan Statistical Area,45656
47580,"Warner Robins, GA",Metropolitan Statistical Area,185409
47620,"Warren, PA",Micropolitan Statistical Area,39191
47660,"Warrensburg, MO",Micropolitan Statistical Area,54062
47700,"Warsaw, IN",Micropolitan Statistical Area,79456
47780,"Washington, IN",Micropolitan Statistical Area,33351
47820,"Washington, NC",Micropolitan Statistical Area,46994
47900,"Washington-Arlington-Alexandria, DC-VA-MD-WV",Metropolitan Statistical Area,6280487
47920,"Washington Court House, OH",Micropolitan Statistical Area,28525
47940,"Waterloo-Cedar Falls, IA",Metropolitan Statistical Area,168522
47980,"Watertown, SD",Micropolitan Statistical Area,34173
48020,"Watertown-Fort Atkinson, WI",Micropolitan Statistical Area,84769
48060,"Watertown-Fort Drum, NY",Metropolitan Statistical Area,109834
48100,"Wauchula, FL",Micropolitan Statistical Area,26937
48140,"Wausau-Weston, WI",Metropolitan Statistical Area,163285
48180,"Waycross, GA",Micropolitan Statistical Area,55199
48220,"Weatherford, OK",Micropolitan Statistical Area,29003
48260,"Weirton-Steubenville, WV-OH",Metropolitan Statistical Area,116074
48300,"Wenatchee, WA",Metropolitan Statistical Area,120629
48460,"West Plains, MO",Micropolitan Statistical Area,40117
48500,"West Point, MS",Micropolitan Statistical Area,19316
48540,"Wheeling, WV-OH",Metropolitan Statistical Area,138948
48580,"Whitewater, WI",Micropolitan Statistical Area,103868
48620,"Wichita, KS",Metropolitan Statistical Area,640218
48660,"Wichita Falls, TX",Metropolitan Statistical Area,151254
48700,"Williamsport, PA",Metropolitan Statistical Area,113299
48780,"Williston, ND",Micropolitan Statistical Area,37589
48820,"Willmar, MN",Micropolitan Statistical Area,43199
48900,"Wilmington, NC",Metropolitan Statistical Area,297533
48940,"Wilmington, OH",Micropolitan Statistical Area,41968
48980,"Wilson, NC",Micropolitan Statistical Area,81801
49020,"Winchester, VA-WV",Metropolitan Statistical Area,140566
49060,"Winfield, KS",Micropolitan Statistical Area,34908
49080,"Winnemucca, NV",Micropolitan Statistical Area,16831
49100,"Winona, MN",Micropolitan Statistical Area,50484
49180,"Winston-Salem, NC",Metropolitan Statistical Area,676008
49220,"Wisconsin Rapids-Marshfield, WI",Micropolitan Statistical Area,72999
49260,"Woodward, OK",Micropolitan Statistical Area,24070
49300,"Wooster, OH",Micropolitan Statistical Area,115710
49340,"Worcester, MA-CT",Metropolitan Statistical Area,947404
49380,"Worthington, MN",Micropolitan Statistical Area,21629
49420,"Yakima, WA",Metropolitan Statistical Area,250873
49460,"Yankton, SD",Micropolitan Statistical Area,22814
49500,"Yauco, PR",Metropolitan Statistical Area,85830
49620,"York-Hanover, PA",Metropolitan Statistical Area,449058
49660,"Youngstown-Warren-Boardman, OH-PA",Metropolitan Statistical Area,536081
49700,"Yuba City, CA",Metropolitan Statistical Area,175639
49740,"Yuma, AZ",Metropolitan Statistical Area,213787
49780,"Zanesville, OH",Micropolitan Statistical Area,86215
49820,"Zapata, TX",Micropolitan Statistical Area,14179
